{"cameraMode":{"drawMode":0,"name":"Shaded","section":"Shading Mode"},"sceneLighting":true,"audioPlay":false,"sceneViewState":{"m_AlwaysRefresh":false,"showFog":true,"showSkybox":true,"showFlares":true,"showImageEffects":true,"showParticleSystems":true,"showVisualEffectGraphs":true,"m_FxEnabled":true},"in2DMode":false,"pivot":{"x":5.100083827972412,"y":0.2750782370567322,"z":1.8767890930175782},"rotation":{"x":-0.002095402218401432,"y":0.9952642917633057,"z":-0.09464377164840698,"w":-0.022099629044532777},"size":0.733235239982605,"orthographic":false}